[
  {
    "name": "Shanghai",
    "country": "CN",
    "display": "Shanghai, CN",
    "search": "shanghai cn"
  },
  {
    "name": "Istanbul",
    "country": "TR",
    "display": "Istanbul, TR",
    "search": "istanbul tr"
  },
  {
    "name": "Buenos Aires",
    "country": "AR",
    "display": "Buenos Aires, AR",
    "search": "buenos aires ar"
  },
  {
    "name": "Mumbai",
    "country": "IN",
    "display": "Mumbai, IN",
    "search": "mumbai in"
  },
  {
    "name": "Mexico City",
    "country": "MX",
    "display": "Mexico City, MX",
    "search": "mexico city mx"
  },
  {
    "name": "Beijing",
    "country": "CN",
    "display": "Beijing, CN",
    "search": "beijing cn"
  },
  {
    "name": "Karachi",
    "country": "PK",
    "display": "Karachi, PK",
    "search": "karachi pk"
  },
  {
    "name": "Tianjin",
    "country": "CN",
    "display": "Tianjin, CN",
    "search": "tianjin cn"
  },
  {
    "name": "Guangzhou",
    "country": "CN",
    "display": "Guangzhou, CN",
    "search": "guangzhou cn"
  },
  {
    "name": "Delhi",
    "country": "IN",
    "display": "Delhi, IN",
    "search": "delhi in"
  },
  {
    "name": "Moscow",
    "country": "RU",
    "display": "Moscow, RU",
    "search": "moscow ru"
  },
  {
    "name": "Shenzhen",
    "country": "CN",
    "display": "Shenzhen, CN",
    "search": "shenzhen cn"
  },
  {
    "name": "Dhaka",
    "country": "BD",
    "display": "Dhaka, BD",
    "search": "dhaka bd"
  },
  {
    "name": "Seoul",
    "country": "KR",
    "display": "Seoul, KR",
    "search": "seoul kr"
  },
  {
    "name": "São Paulo",
    "country": "BR",
    "display": "São Paulo, BR",
    "search": "são paulo br"
  },
  {
    "name": "Wuhan",
    "country": "CN",
    "display": "Wuhan, CN",
    "search": "wuhan cn"
  },
  {
    "name": "Lagos",
    "country": "NG",
    "display": "Lagos, NG",
    "search": "lagos ng"
  },
  {
    "name": "Jakarta",
    "country": "ID",
    "display": "Jakarta, ID",
    "search": "jakarta id"
  },
  {
    "name": "Tokyo",
    "country": "JP",
    "display": "Tokyo, JP",
    "search": "tokyo jp"
  },
  {
    "name": "New York City",
    "country": "US",
    "display": "New York City, US",
    "search": "new york city us"
  },
  {
    "name": "Dongguan",
    "country": "CN",
    "display": "Dongguan, CN",
    "search": "dongguan cn"
  },
  {
    "name": "Taipei",
    "country": "TW",
    "display": "Taipei, TW",
    "search": "taipei tw"
  },
  {
    "name": "Kinshasa",
    "country": "CD",
    "display": "Kinshasa, CD",
    "search": "kinshasa cd"
  },
  {
    "name": "Lima",
    "country": "PE",
    "display": "Lima, PE",
    "search": "lima pe"
  },
  {
    "name": "Cairo",
    "country": "EG",
    "display": "Cairo, EG",
    "search": "cairo eg"
  },
  {
    "name": "Bogotá",
    "country": "CO",
    "display": "Bogotá, CO",
    "search": "bogotá co"
  },
  {
    "name": "London",
    "country": "GB",
    "display": "London, GB",
    "search": "london gb"
  },
  {
    "name": "Chongqing",
    "country": "CN",
    "display": "Chongqing, CN",
    "search": "chongqing cn"
  },
  {
    "name": "Chengdu",
    "country": "CN",
    "display": "Chengdu, CN",
    "search": "chengdu cn"
  },
  {
    "name": "Baghdad",
    "country": "IQ",
    "display": "Baghdad, IQ",
    "search": "baghdad iq"
  },
  {
    "name": "Nanjing",
    "country": "CN",
    "display": "Nanjing, CN",
    "search": "nanjing cn"
  },
  {
    "name": "Tehran",
    "country": "IR",
    "display": "Tehran, IR",
    "search": "tehran ir"
  },
  {
    "name": "Nanchong",
    "country": "CN",
    "display": "Nanchong, CN",
    "search": "nanchong cn"
  },
  {
    "name": "Hong Kong",
    "country": "HK",
    "display": "Hong Kong, HK",
    "search": "hong kong hk"
  },
  {
    "name": "Xi’an",
    "country": "CN",
    "display": "Xi’an, CN",
    "search": "xi’an cn"
  },
  {
    "name": "Lahore",
    "country": "PK",
    "display": "Lahore, PK",
    "search": "lahore pk"
  },
  {
    "name": "Shenyang",
    "country": "CN",
    "display": "Shenyang, CN",
    "search": "shenyang cn"
  },
  {
    "name": "Hangzhou",
    "country": "CN",
    "display": "Hangzhou, CN",
    "search": "hangzhou cn"
  },
  {
    "name": "Rio de Janeiro",
    "country": "BR",
    "display": "Rio de Janeiro, BR",
    "search": "rio de janeiro br"
  },
  {
    "name": "Harbin",
    "country": "CN",
    "display": "Harbin, CN",
    "search": "harbin cn"
  },
  {
    "name": "Tai’an",
    "country": "CN",
    "display": "Tai’an, CN",
    "search": "tai’an cn"
  },
  {
    "name": "Suzhou",
    "country": "CN",
    "display": "Suzhou, CN",
    "search": "suzhou cn"
  },
  {
    "name": "Shantou",
    "country": "CN",
    "display": "Shantou, CN",
    "search": "shantou cn"
  },
  {
    "name": "Bangkok",
    "country": "TH",
    "display": "Bangkok, TH",
    "search": "bangkok th"
  },
  {
    "name": "Bengaluru",
    "country": "IN",
    "display": "Bengaluru, IN",
    "search": "bengaluru in"
  },
  {
    "name": "Saint Petersburg",
    "country": "RU",
    "display": "Saint Petersburg, RU",
    "search": "saint petersburg ru"
  },
  {
    "name": "Santiago",
    "country": "CL",
    "display": "Santiago, CL",
    "search": "santiago cl"
  },
  {
    "name": "Kolkata",
    "country": "IN",
    "display": "Kolkata, IN",
    "search": "kolkata in"
  },
  {
    "name": "Sydney",
    "country": "AU",
    "display": "Sydney, AU",
    "search": "sydney au"
  },
  {
    "name": "Yangon",
    "country": "MM",
    "display": "Yangon, MM",
    "search": "yangon mm"
  },
  {
    "name": "Jinan",
    "country": "CN",
    "display": "Jinan, CN",
    "search": "jinan cn"
  },
  {
    "name": "Chennai",
    "country": "IN",
    "display": "Chennai, IN",
    "search": "chennai in"
  },
  {
    "name": "Zhengzhou",
    "country": "CN",
    "display": "Zhengzhou, CN",
    "search": "zhengzhou cn"
  },
  {
    "name": "Melbourne",
    "country": "AU",
    "display": "Melbourne, AU",
    "search": "melbourne au"
  },
  {
    "name": "Riyadh",
    "country": "SA",
    "display": "Riyadh, SA",
    "search": "riyadh sa"
  },
  {
    "name": "Changchun",
    "country": "CN",
    "display": "Changchun, CN",
    "search": "changchun cn"
  },
  {
    "name": "Dalian",
    "country": "CN",
    "display": "Dalian, CN",
    "search": "dalian cn"
  },
  {
    "name": "Los Angeles",
    "country": "US",
    "display": "Los Angeles, US",
    "search": "los angeles us"
  },
  {
    "name": "Chittagong",
    "country": "BD",
    "display": "Chittagong, BD",
    "search": "chittagong bd"
  },
  {
    "name": "Kunming",
    "country": "CN",
    "display": "Kunming, CN",
    "search": "kunming cn"
  },
  {
    "name": "Alexandria",
    "country": "EG",
    "display": "Alexandria, EG",
    "search": "alexandria eg"
  },
  {
    "name": "Ahmedabad",
    "country": "IN",
    "display": "Ahmedabad, IN",
    "search": "ahmedabad in"
  },
  {
    "name": "Qingdao",
    "country": "CN",
    "display": "Qingdao, CN",
    "search": "qingdao cn"
  },
  {
    "name": "Busan",
    "country": "KR",
    "display": "Busan, KR",
    "search": "busan kr"
  },
  {
    "name": "Abidjan",
    "country": "CI",
    "display": "Abidjan, CI",
    "search": "abidjan ci"
  },
  {
    "name": "Kano",
    "country": "NG",
    "display": "Kano, NG",
    "search": "kano ng"
  },
  {
    "name": "Foshan",
    "country": "CN",
    "display": "Foshan, CN",
    "search": "foshan cn"
  },
  {
    "name": "Hyderabad",
    "country": "IN",
    "display": "Hyderabad, IN",
    "search": "hyderabad in"
  },
  {
    "name": "Puyang",
    "country": "CN",
    "display": "Puyang, CN",
    "search": "puyang cn"
  },
  {
    "name": "Yokohama",
    "country": "JP",
    "display": "Yokohama, JP",
    "search": "yokohama jp"
  },
  {
    "name": "Ibadan",
    "country": "NG",
    "display": "Ibadan, NG",
    "search": "ibadan ng"
  },
  {
    "name": "Singapore",
    "country": "SG",
    "display": "Singapore, SG",
    "search": "singapore sg"
  },
  {
    "name": "Wuxi",
    "country": "CN",
    "display": "Wuxi, CN",
    "search": "wuxi cn"
  },
  {
    "name": "Xiamen",
    "country": "CN",
    "display": "Xiamen, CN",
    "search": "xiamen cn"
  },
  {
    "name": "Ankara",
    "country": "TR",
    "display": "Ankara, TR",
    "search": "ankara tr"
  },
  {
    "name": "Tianshui",
    "country": "CN",
    "display": "Tianshui, CN",
    "search": "tianshui cn"
  },
  {
    "name": "Ningbo",
    "country": "CN",
    "display": "Ningbo, CN",
    "search": "ningbo cn"
  },
  {
    "name": "Ho Chi Minh City",
    "country": "VN",
    "display": "Ho Chi Minh City, VN",
    "search": "ho chi minh city vn"
  },
  {
    "name": "Shiyan",
    "country": "CN",
    "display": "Shiyan, CN",
    "search": "shiyan cn"
  },
  {
    "name": "Cape Town",
    "country": "ZA",
    "display": "Cape Town, ZA",
    "search": "cape town za"
  },
  {
    "name": "Taiyuan",
    "country": "CN",
    "display": "Taiyuan, CN",
    "search": "taiyuan cn"
  },
  {
    "name": "Berlin",
    "country": "DE",
    "display": "Berlin, DE",
    "search": "berlin de"
  },
  {
    "name": "Tangshan",
    "country": "CN",
    "display": "Tangshan, CN",
    "search": "tangshan cn"
  },
  {
    "name": "Hefei",
    "country": "CN",
    "display": "Hefei, CN",
    "search": "hefei cn"
  },
  {
    "name": "Madrid",
    "country": "ES",
    "display": "Madrid, ES",
    "search": "madrid es"
  },
  {
    "name": "Pyongyang",
    "country": "KP",
    "display": "Pyongyang, KP",
    "search": "pyongyang kp"
  },
  {
    "name": "Casablanca",
    "country": "MA",
    "display": "Casablanca, MA",
    "search": "casablanca ma"
  },
  {
    "name": "Zibo",
    "country": "CN",
    "display": "Zibo, CN",
    "search": "zibo cn"
  },
  {
    "name": "Zhongshan",
    "country": "CN",
    "display": "Zhongshan, CN",
    "search": "zhongshan cn"
  },
  {
    "name": "Durban",
    "country": "ZA",
    "display": "Durban, ZA",
    "search": "durban za"
  },
  {
    "name": "Changsha",
    "country": "CN",
    "display": "Changsha, CN",
    "search": "changsha cn"
  },
  {
    "name": "Kabul",
    "country": "AF",
    "display": "Kabul, AF",
    "search": "kabul af"
  },
  {
    "name": "Ürümqi",
    "country": "CN",
    "display": "Ürümqi, CN",
    "search": "ürümqi cn"
  },
  {
    "name": "Caracas",
    "country": "VE",
    "display": "Caracas, VE",
    "search": "caracas ve"
  },
  {
    "name": "Dubai",
    "country": "AE",
    "display": "Dubai, AE",
    "search": "dubai ae"
  },
  {
    "name": "Pune",
    "country": "IN",
    "display": "Pune, IN",
    "search": "pune in"
  },
  {
    "name": "Sūrat",
    "country": "IN",
    "display": "Sūrat, IN",
    "search": "sūrat in"
  },
  {
    "name": "Jeddah",
    "country": "SA",
    "display": "Jeddah, SA",
    "search": "jeddah sa"
  },
  {
    "name": "Shijiazhuang",
    "country": "CN",
    "display": "Shijiazhuang, CN",
    "search": "shijiazhuang cn"
  },
  {
    "name": "Kanpur",
    "country": "IN",
    "display": "Kanpur, IN",
    "search": "kanpur in"
  },
  {
    "name": "Kyiv",
    "country": "UA",
    "display": "Kyiv, UA",
    "search": "kyiv ua"
  },
  {
    "name": "Luanda",
    "country": "AO",
    "display": "Luanda, AO",
    "search": "luanda ao"
  },
  {
    "name": "Quezon City",
    "country": "PH",
    "display": "Quezon City, PH",
    "search": "quezon city ph"
  },
  {
    "name": "Addis Ababa",
    "country": "ET",
    "display": "Addis Ababa, ET",
    "search": "addis ababa et"
  },
  {
    "name": "Nairobi",
    "country": "KE",
    "display": "Nairobi, KE",
    "search": "nairobi ke"
  },
  {
    "name": "Chicago",
    "country": "US",
    "display": "Chicago, US",
    "search": "chicago us"
  },
  {
    "name": "Salvador",
    "country": "BR",
    "display": "Salvador, BR",
    "search": "salvador br"
  },
  {
    "name": "Jaipur",
    "country": "IN",
    "display": "Jaipur, IN",
    "search": "jaipur in"
  },
  {
    "name": "Dar es Salaam",
    "country": "TZ",
    "display": "Dar es Salaam, TZ",
    "search": "dar es salaam tz"
  },
  {
    "name": "Lanzhou",
    "country": "CN",
    "display": "Lanzhou, CN",
    "search": "lanzhou cn"
  },
  {
    "name": "Incheon",
    "country": "KR",
    "display": "Incheon, KR",
    "search": "incheon kr"
  },
  {
    "name": "Yunfu",
    "country": "CN",
    "display": "Yunfu, CN",
    "search": "yunfu cn"
  },
  {
    "name": "Toronto",
    "country": "CA",
    "display": "Toronto, CA",
    "search": "toronto ca"
  },
  {
    "name": "Navi Mumbai",
    "country": "IN",
    "display": "Navi Mumbai, IN",
    "search": "navi mumbai in"
  },
  {
    "name": "Basrah",
    "country": "IQ",
    "display": "Basrah, IQ",
    "search": "basrah iq"
  },
  {
    "name": "Osaka",
    "country": "JP",
    "display": "Osaka, JP",
    "search": "osaka jp"
  },
  {
    "name": "Mogadishu",
    "country": "SO",
    "display": "Mogadishu, SO",
    "search": "mogadishu so"
  },
  {
    "name": "Daegu",
    "country": "KR",
    "display": "Daegu, KR",
    "search": "daegu kr"
  },
  {
    "name": "Faisalabad",
    "country": "PK",
    "display": "Faisalabad, PK",
    "search": "faisalabad pk"
  },
  {
    "name": "İzmir",
    "country": "TR",
    "display": "İzmir, TR",
    "search": "i̇zmir tr"
  },
  {
    "name": "Dakar",
    "country": "SN",
    "display": "Dakar, SN",
    "search": "dakar sn"
  },
  {
    "name": "Lucknow",
    "country": "IN",
    "display": "Lucknow, IN",
    "search": "lucknow in"
  },
  {
    "name": "Giza",
    "country": "EG",
    "display": "Giza, EG",
    "search": "giza eg"
  },
  {
    "name": "Fortaleza",
    "country": "BR",
    "display": "Fortaleza, BR",
    "search": "fortaleza br"
  },
  {
    "name": "Cali",
    "country": "CO",
    "display": "Cali, CO",
    "search": "cali co"
  },
  {
    "name": "Surabaya",
    "country": "ID",
    "display": "Surabaya, ID",
    "search": "surabaya id"
  },
  {
    "name": "Belo Horizonte",
    "country": "BR",
    "display": "Belo Horizonte, BR",
    "search": "belo horizonte br"
  },
  {
    "name": "Nanchang",
    "country": "CN",
    "display": "Nanchang, CN",
    "search": "nanchang cn"
  },
  {
    "name": "Rome",
    "country": "IT",
    "display": "Rome, IT",
    "search": "rome it"
  },
  {
    "name": "Mashhad",
    "country": "IR",
    "display": "Mashhad, IR",
    "search": "mashhad ir"
  },
  {
    "name": "Brooklyn",
    "country": "US",
    "display": "Brooklyn, US",
    "search": "brooklyn us"
  },
  {
    "name": "Houston",
    "country": "US",
    "display": "Houston, US",
    "search": "houston us"
  },
  {
    "name": "Queens",
    "country": "US",
    "display": "Queens, US",
    "search": "queens us"
  },
  {
    "name": "Nagpur",
    "country": "IN",
    "display": "Nagpur, IN",
    "search": "nagpur in"
  },
  {
    "name": "Maracaibo",
    "country": "VE",
    "display": "Maracaibo, VE",
    "search": "maracaibo ve"
  },
  {
    "name": "Brasília",
    "country": "BR",
    "display": "Brasília, BR",
    "search": "brasília br"
  },
  {
    "name": "Santo Domingo",
    "country": "DO",
    "display": "Santo Domingo, DO",
    "search": "santo domingo do"
  },
  {
    "name": "Nagoya",
    "country": "JP",
    "display": "Nagoya, JP",
    "search": "nagoya jp"
  },
  {
    "name": "Brisbane",
    "country": "AU",
    "display": "Brisbane, AU",
    "search": "brisbane au"
  },
  {
    "name": "Havana",
    "country": "CU",
    "display": "Havana, CU",
    "search": "havana cu"
  },
  {
    "name": "Paris",
    "country": "FR",
    "display": "Paris, FR",
    "search": "paris fr"
  },
  {
    "name": "Al Mawşil al Jadīdah",
    "country": "IQ",
    "display": "Al Mawşil al Jadīdah, IQ",
    "search": "al mawşil al jadīdah iq"
  },
  {
    "name": "Johannesburg",
    "country": "ZA",
    "display": "Johannesburg, ZA",
    "search": "johannesburg za"
  },
  {
    "name": "Kowloon",
    "country": "HK",
    "display": "Kowloon, HK",
    "search": "kowloon hk"
  },
  {
    "name": "Al Başrah al Qadīmah",
    "country": "IQ",
    "display": "Al Başrah al Qadīmah, IQ",
    "search": "al başrah al qadīmah iq"
  },
  {
    "name": "Almaty",
    "country": "KZ",
    "display": "Almaty, KZ",
    "search": "almaty kz"
  },
  {
    "name": "Dadonghai",
    "country": "CN",
    "display": "Dadonghai, CN",
    "search": "dadonghai cn"
  },
  {
    "name": "Medellín",
    "country": "CO",
    "display": "Medellín, CO",
    "search": "medellín co"
  },
  {
    "name": "Tashkent",
    "country": "UZ",
    "display": "Tashkent, UZ",
    "search": "tashkent uz"
  },
  {
    "name": "Algiers",
    "country": "DZ",
    "display": "Algiers, DZ",
    "search": "algiers dz"
  },
  {
    "name": "Khartoum",
    "country": "SD",
    "display": "Khartoum, SD",
    "search": "khartoum sd"
  },
  {
    "name": "Accra",
    "country": "GH",
    "display": "Accra, GH",
    "search": "accra gh"
  },
  {
    "name": "Guayaquil",
    "country": "EC",
    "display": "Guayaquil, EC",
    "search": "guayaquil ec"
  },
  {
    "name": "Ordos",
    "country": "CN",
    "display": "Ordos, CN",
    "search": "ordos cn"
  },
  {
    "name": "Sanaa",
    "country": "YE",
    "display": "Sanaa, YE",
    "search": "sanaa ye"
  },
  {
    "name": "Beirut",
    "country": "LB",
    "display": "Beirut, LB",
    "search": "beirut lb"
  },
  {
    "name": "Perth",
    "country": "AU",
    "display": "Perth, AU",
    "search": "perth au"
  },
  {
    "name": "Sapporo",
    "country": "JP",
    "display": "Sapporo, JP",
    "search": "sapporo jp"
  },
  {
    "name": "Jilin",
    "country": "CN",
    "display": "Jilin, CN",
    "search": "jilin cn"
  },
  {
    "name": "Bucharest",
    "country": "RO",
    "display": "Bucharest, RO",
    "search": "bucharest ro"
  },
  {
    "name": "Camayenne",
    "country": "GN",
    "display": "Camayenne, GN",
    "search": "camayenne gn"
  },
  {
    "name": "Indore",
    "country": "IN",
    "display": "Indore, IN",
    "search": "indore in"
  },
  {
    "name": "Iztapalapa",
    "country": "MX",
    "display": "Iztapalapa, MX",
    "search": "iztapalapa mx"
  },
  {
    "name": "Conakry",
    "country": "GN",
    "display": "Conakry, GN",
    "search": "conakry gn"
  },
  {
    "name": "Bayan Nur",
    "country": "CN",
    "display": "Bayan Nur, CN",
    "search": "bayan nur cn"
  },
  {
    "name": "Maracay",
    "country": "VE",
    "display": "Maracay, VE",
    "search": "maracay ve"
  },
  {
    "name": "Medan",
    "country": "ID",
    "display": "Medan, ID",
    "search": "medan id"
  },
  {
    "name": "Rawalpindi",
    "country": "PK",
    "display": "Rawalpindi, PK",
    "search": "rawalpindi pk"
  },
  {
    "name": "Minsk",
    "country": "BY",
    "display": "Minsk, BY",
    "search": "minsk by"
  },
  {
    "name": "Budapest",
    "country": "HU",
    "display": "Budapest, HU",
    "search": "budapest hu"
  },
  {
    "name": "Mosul",
    "country": "IQ",
    "display": "Mosul, IQ",
    "search": "mosul iq"
  },
  {
    "name": "Hamburg",
    "country": "DE",
    "display": "Hamburg, DE",
    "search": "hamburg de"
  },
  {
    "name": "Curitiba",
    "country": "BR",
    "display": "Curitiba, BR",
    "search": "curitiba br"
  },
  {
    "name": "Warsaw",
    "country": "PL",
    "display": "Warsaw, PL",
    "search": "warsaw pl"
  },
  {
    "name": "Bandung",
    "country": "ID",
    "display": "Bandung, ID",
    "search": "bandung id"
  },
  {
    "name": "Soweto",
    "country": "ZA",
    "display": "Soweto, ZA",
    "search": "soweto za"
  },
  {
    "name": "Vienna",
    "country": "AT",
    "display": "Vienna, AT",
    "search": "vienna at"
  },
  {
    "name": "Rabat",
    "country": "MA",
    "display": "Rabat, MA",
    "search": "rabat ma"
  },
  {
    "name": "Ecatepec de Morelos",
    "country": "MX",
    "display": "Ecatepec de Morelos, MX",
    "search": "ecatepec de morelos mx"
  },
  {
    "name": "Barcelona",
    "country": "ES",
    "display": "Barcelona, ES",
    "search": "barcelona es"
  },
  {
    "name": "Pretoria",
    "country": "ZA",
    "display": "Pretoria, ZA",
    "search": "pretoria za"
  },
  {
    "name": "Aleppo",
    "country": "SY",
    "display": "Aleppo, SY",
    "search": "aleppo sy"
  },
  {
    "name": "Montréal",
    "country": "CA",
    "display": "Montréal, CA",
    "search": "montréal ca"
  },
  {
    "name": "Kunshan",
    "country": "CN",
    "display": "Kunshan, CN",
    "search": "kunshan cn"
  },
  {
    "name": "Manila",
    "country": "PH",
    "display": "Manila, PH",
    "search": "manila ph"
  },
  {
    "name": "Patna",
    "country": "IN",
    "display": "Patna, IN",
    "search": "patna in"
  },
  {
    "name": "Bhopal",
    "country": "IN",
    "display": "Bhopal, IN",
    "search": "bhopal in"
  },
  {
    "name": "Manaus",
    "country": "BR",
    "display": "Manaus, BR",
    "search": "manaus br"
  },
  {
    "name": "Xinyang",
    "country": "CN",
    "display": "Xinyang, CN",
    "search": "xinyang cn"
  },
  {
    "name": "Kaduna",
    "country": "NG",
    "display": "Kaduna, NG",
    "search": "kaduna ng"
  },
  {
    "name": "Phnom Penh",
    "country": "KH",
    "display": "Phnom Penh, KH",
    "search": "phnom penh kh"
  },
  {
    "name": "Damascus",
    "country": "SY",
    "display": "Damascus, SY",
    "search": "damascus sy"
  },
  {
    "name": "Philadelphia",
    "country": "US",
    "display": "Philadelphia, US",
    "search": "philadelphia us"
  },
  {
    "name": "Phoenix",
    "country": "US",
    "display": "Phoenix, US",
    "search": "phoenix us"
  },
  {
    "name": "Isfahan",
    "country": "IR",
    "display": "Isfahan, IR",
    "search": "isfahan ir"
  },
  {
    "name": "Ludhiāna",
    "country": "IN",
    "display": "Ludhiāna, IN",
    "search": "ludhiāna in"
  },
  {
    "name": "Harare",
    "country": "ZW",
    "display": "Harare, ZW",
    "search": "harare zw"
  },
  {
    "name": "Kobe",
    "country": "JP",
    "display": "Kobe, JP",
    "search": "kobe jp"
  },
  {
    "name": "Bekasi",
    "country": "ID",
    "display": "Bekasi, ID",
    "search": "bekasi id"
  },
  {
    "name": "Kaohsiung",
    "country": "TW",
    "display": "Kaohsiung, TW",
    "search": "kaohsiung tw"
  },
  {
    "name": "Stockholm",
    "country": "SE",
    "display": "Stockholm, SE",
    "search": "stockholm se"
  },
  {
    "name": "Caloocan City",
    "country": "PH",
    "display": "Caloocan City, PH",
    "search": "caloocan city ph"
  },
  {
    "name": "Guadalajara",
    "country": "MX",
    "display": "Guadalajara, MX",
    "search": "guadalajara mx"
  },
  {
    "name": "Manhattan",
    "country": "US",
    "display": "Manhattan, US",
    "search": "manhattan us"
  },
  {
    "name": "Asunción",
    "country": "PY",
    "display": "Asunción, PY",
    "search": "asunción py"
  },
  {
    "name": "Recife",
    "country": "BR",
    "display": "Recife, BR",
    "search": "recife br"
  },
  {
    "name": "Daejeon",
    "country": "KR",
    "display": "Daejeon, KR",
    "search": "daejeon kr"
  },
  {
    "name": "San Antonio",
    "country": "US",
    "display": "San Antonio, US",
    "search": "san antonio us"
  },
  {
    "name": "Kumasi",
    "country": "GH",
    "display": "Kumasi, GH",
    "search": "kumasi gh"
  },
  {
    "name": "Kota Bharu",
    "country": "MY",
    "display": "Kota Bharu, MY",
    "search": "kota bharu my"
  },
  {
    "name": "Kyoto",
    "country": "JP",
    "display": "Kyoto, JP",
    "search": "kyoto jp"
  },
  {
    "name": "Kuala Lumpur",
    "country": "MY",
    "display": "Kuala Lumpur, MY",
    "search": "kuala lumpur my"
  },
  {
    "name": "Karaj",
    "country": "IR",
    "display": "Karaj, IR",
    "search": "karaj ir"
  },
  {
    "name": "Kathmandu",
    "country": "NP",
    "display": "Kathmandu, NP",
    "search": "kathmandu np"
  },
  {
    "name": "Palembang",
    "country": "ID",
    "display": "Palembang, ID",
    "search": "palembang id"
  },
  {
    "name": "Multan",
    "country": "PK",
    "display": "Multan, PK",
    "search": "multan pk"
  },
  {
    "name": "Tirunelveli",
    "country": "IN",
    "display": "Tirunelveli, IN",
    "search": "tirunelveli in"
  },
  {
    "name": "Puebla",
    "country": "MX",
    "display": "Puebla, MX",
    "search": "puebla mx"
  },
  {
    "name": "Hanoi",
    "country": "VN",
    "display": "Hanoi, VN",
    "search": "hanoi vn"
  },
  {
    "name": "Kharkiv",
    "country": "UA",
    "display": "Kharkiv, UA",
    "search": "kharkiv ua"
  },
  {
    "name": "Agra",
    "country": "IN",
    "display": "Agra, IN",
    "search": "agra in"
  },
  {
    "name": "Córdoba",
    "country": "AR",
    "display": "Córdoba, AR",
    "search": "córdoba ar"
  },
  {
    "name": "Tabriz",
    "country": "IR",
    "display": "Tabriz, IR",
    "search": "tabriz ir"
  },
  {
    "name": "Novosibirsk",
    "country": "RU",
    "display": "Novosibirsk, RU",
    "search": "novosibirsk ru"
  },
  {
    "name": "Gwangju",
    "country": "KR",
    "display": "Gwangju, KR",
    "search": "gwangju kr"
  },
  {
    "name": "Bursa",
    "country": "TR",
    "display": "Bursa, TR",
    "search": "bursa tr"
  },
  {
    "name": "Vadodara",
    "country": "IN",
    "display": "Vadodara, IN",
    "search": "vadodara in"
  },
  {
    "name": "Belém",
    "country": "BR",
    "display": "Belém, BR",
    "search": "belém br"
  },
  {
    "name": "Fushun",
    "country": "CN",
    "display": "Fushun, CN",
    "search": "fushun cn"
  },
  {
    "name": "Quito",
    "country": "EC",
    "display": "Quito, EC",
    "search": "quito ec"
  },
  {
    "name": "San Diego",
    "country": "US",
    "display": "San Diego, US",
    "search": "san diego us"
  },
  {
    "name": "Fukuoka",
    "country": "JP",
    "display": "Fukuoka, JP",
    "search": "fukuoka jp"
  },
  {
    "name": "Antananarivo",
    "country": "MG",
    "display": "Antananarivo, MG",
    "search": "antananarivo mg"
  },
  {
    "name": "Luoyang",
    "country": "CN",
    "display": "Luoyang, CN",
    "search": "luoyang cn"
  },
  {
    "name": "Hyderabad",
    "country": "PK",
    "display": "Hyderabad, PK",
    "search": "hyderabad pk"
  },
  {
    "name": "The Bronx",
    "country": "US",
    "display": "The Bronx, US",
    "search": "the bronx us"
  },
  {
    "name": "Valencia",
    "country": "VE",
    "display": "Valencia, VE",
    "search": "valencia ve"
  },
  {
    "name": "Gujranwala",
    "country": "PK",
    "display": "Gujranwala, PK",
    "search": "gujranwala pk"
  },
  {
    "name": "Barranquilla",
    "country": "CO",
    "display": "Barranquilla, CO",
    "search": "barranquilla co"
  },
  {
    "name": "Guankou",
    "country": "CN",
    "display": "Guankou, CN",
    "search": "guankou cn"
  },
  {
    "name": "Lubumbashi",
    "country": "CD",
    "display": "Lubumbashi, CD",
    "search": "lubumbashi cd"
  },
  {
    "name": "Porto Alegre",
    "country": "BR",
    "display": "Porto Alegre, BR",
    "search": "porto alegre br"
  },
  {
    "name": "Tangerang",
    "country": "ID",
    "display": "Tangerang, ID",
    "search": "tangerang id"
  },
  {
    "name": "Najafgarh",
    "country": "IN",
    "display": "Najafgarh, IN",
    "search": "najafgarh in"
  },
  {
    "name": "Santa Cruz de la Sierra",
    "country": "BO",
    "display": "Santa Cruz de la Sierra, BO",
    "search": "santa cruz de la sierra bo"
  },
  {
    "name": "Handan",
    "country": "CN",
    "display": "Handan, CN",
    "search": "handan cn"
  },
  {
    "name": "Kampala",
    "country": "UG",
    "display": "Kampala, UG",
    "search": "kampala ug"
  },
  {
    "name": "Yekaterinburg",
    "country": "RU",
    "display": "Yekaterinburg, RU",
    "search": "yekaterinburg ru"
  },
  {
    "name": "Khulna",
    "country": "BD",
    "display": "Khulna, BD",
    "search": "khulna bd"
  },
  {
    "name": "Douala",
    "country": "CM",
    "display": "Douala, CM",
    "search": "douala cm"
  },
  {
    "name": "Gorakhpur",
    "country": "IN",
    "display": "Gorakhpur, IN",
    "search": "gorakhpur in"
  },
  {
    "name": "Sharjah",
    "country": "AE",
    "display": "Sharjah, AE",
    "search": "sharjah ae"
  },
  {
    "name": "Mecca",
    "country": "SA",
    "display": "Mecca, SA",
    "search": "mecca sa"
  },
  {
    "name": "Makassar",
    "country": "ID",
    "display": "Makassar, ID",
    "search": "makassar id"
  },
  {
    "name": "Juárez",
    "country": "MX",
    "display": "Juárez, MX",
    "search": "juárez mx"
  },
  {
    "name": "Kawasaki",
    "country": "JP",
    "display": "Kawasaki, JP",
    "search": "kawasaki jp"
  },
  {
    "name": "South Tangerang",
    "country": "ID",
    "display": "South Tangerang, ID",
    "search": "south tangerang id"
  },
  {
    "name": "Baotou",
    "country": "CN",
    "display": "Baotou, CN",
    "search": "baotou cn"
  },
  {
    "name": "Tijuana",
    "country": "MX",
    "display": "Tijuana, MX",
    "search": "tijuana mx"
  },
  {
    "name": "Dallas",
    "country": "US",
    "display": "Dallas, US",
    "search": "dallas us"
  },
  {
    "name": "Medina",
    "country": "SA",
    "display": "Medina, SA",
    "search": "medina sa"
  },
  {
    "name": "Yaoundé",
    "country": "CM",
    "display": "Yaoundé, CM",
    "search": "yaoundé cm"
  },
  {
    "name": "Bamako",
    "country": "ML",
    "display": "Bamako, ML",
    "search": "bamako ml"
  },
  {
    "name": "Nashik",
    "country": "IN",
    "display": "Nashik, IN",
    "search": "nashik in"
  },
  {
    "name": "Semarang",
    "country": "ID",
    "display": "Semarang, ID",
    "search": "semarang id"
  },
  {
    "name": "Brazzaville",
    "country": "CG",
    "display": "Brazzaville, CG",
    "search": "brazzaville cg"
  },
  {
    "name": "Pimpri",
    "country": "IN",
    "display": "Pimpri, IN",
    "search": "pimpri in"
  },
  {
    "name": "Nizhniy Novgorod",
    "country": "RU",
    "display": "Nizhniy Novgorod, RU",
    "search": "nizhniy novgorod ru"
  },
  {
    "name": "Amman",
    "country": "JO",
    "display": "Amman, JO",
    "search": "amman jo"
  },
  {
    "name": "Budta",
    "country": "PH",
    "display": "Budta, PH",
    "search": "budta ph"
  },
  {
    "name": "Belgrade",
    "country": "RS",
    "display": "Belgrade, RS",
    "search": "belgrade rs"
  },
  {
    "name": "Montevideo",
    "country": "UY",
    "display": "Montevideo, UY",
    "search": "montevideo uy"
  },
  {
    "name": "Lusaka",
    "country": "ZM",
    "display": "Lusaka, ZM",
    "search": "lusaka zm"
  },
  {
    "name": "Xuchang",
    "country": "CN",
    "display": "Xuchang, CN",
    "search": "xuchang cn"
  },
  {
    "name": "Kalyān",
    "country": "IN",
    "display": "Kalyān, IN",
    "search": "kalyān in"
  },
  {
    "name": "Thāne",
    "country": "IN",
    "display": "Thāne, IN",
    "search": "thāne in"
  },
  {
    "name": "Munich",
    "country": "DE",
    "display": "Munich, DE",
    "search": "munich de"
  },
  {
    "name": "Ra’s Bayrūt",
    "country": "LB",
    "display": "Ra’s Bayrūt, LB",
    "search": "ra’s bayrūt lb"
  },
  {
    "name": "Shiraz",
    "country": "IR",
    "display": "Shiraz, IR",
    "search": "shiraz ir"
  },
  {
    "name": "Adana",
    "country": "TR",
    "display": "Adana, TR",
    "search": "adana tr"
  },
  {
    "name": "Suwon",
    "country": "KR",
    "display": "Suwon, KR",
    "search": "suwon kr"
  },
  {
    "name": "León de los Aldama",
    "country": "MX",
    "display": "León de los Aldama, MX",
    "search": "león de los aldama mx"
  },
  {
    "name": "Milan",
    "country": "IT",
    "display": "Milan, IT",
    "search": "milan it"
  },
  {
    "name": "Port-au-Prince",
    "country": "HT",
    "display": "Port-au-Prince, HT",
    "search": "port-au-prince ht"
  },
  {
    "name": "Adelaide",
    "country": "AU",
    "display": "Adelaide, AU",
    "search": "adelaide au"
  },
  {
    "name": "Meerut",
    "country": "IN",
    "display": "Meerut, IN",
    "search": "meerut in"
  },
  {
    "name": "Nowrangapur",
    "country": "IN",
    "display": "Nowrangapur, IN",
    "search": "nowrangapur in"
  },
  {
    "name": "Faridabad",
    "country": "IN",
    "display": "Faridabad, IN",
    "search": "faridabad in"
  },
  {
    "name": "Peshawar",
    "country": "PK",
    "display": "Peshawar, PK",
    "search": "peshawar pk"
  },
  {
    "name": "Davao",
    "country": "PH",
    "display": "Davao, PH",
    "search": "davao ph"
  },
  {
    "name": "Mandalay",
    "country": "MM",
    "display": "Mandalay, MM",
    "search": "mandalay mm"
  },
  {
    "name": "Yueyang",
    "country": "CN",
    "display": "Yueyang, CN",
    "search": "yueyang cn"
  },
  {
    "name": "Santiago de los Caballeros",
    "country": "DO",
    "display": "Santiago de los Caballeros, DO",
    "search": "santiago de los caballeros do"
  },
  {
    "name": "Omdurman",
    "country": "SD",
    "display": "Omdurman, SD",
    "search": "omdurman sd"
  },
  {
    "name": "Anshan",
    "country": "CN",
    "display": "Anshan, CN",
    "search": "anshan cn"
  },
  {
    "name": "Tongshan",
    "country": "CN",
    "display": "Tongshan, CN",
    "search": "tongshan cn"
  },
  {
    "name": "Ghāziābād",
    "country": "IN",
    "display": "Ghāziābād, IN",
    "search": "ghāziābād in"
  },
  {
    "name": "Depok",
    "country": "ID",
    "display": "Depok, ID",
    "search": "depok id"
  },
  {
    "name": "Saitama",
    "country": "JP",
    "display": "Saitama, JP",
    "search": "saitama jp"
  },
  {
    "name": "Dombivli",
    "country": "IN",
    "display": "Dombivli, IN",
    "search": "dombivli in"
  },
  {
    "name": "Maputo",
    "country": "MZ",
    "display": "Maputo, MZ",
    "search": "maputo mz"
  },
  {
    "name": "Gustavo Adolfo Madero",
    "country": "MX",
    "display": "Gustavo Adolfo Madero, MX",
    "search": "gustavo adolfo madero mx"
  },
  {
    "name": "Fuzhou",
    "country": "CN",
    "display": "Fuzhou, CN",
    "search": "fuzhou cn"
  },
  {
    "name": "Rājkot",
    "country": "IN",
    "display": "Rājkot, IN",
    "search": "rājkot in"
  },
  {
    "name": "Rosario",
    "country": "AR",
    "display": "Rosario, AR",
    "search": "rosario ar"
  },
  {
    "name": "Guiyang",
    "country": "CN",
    "display": "Guiyang, CN",
    "search": "guiyang cn"
  },
  {
    "name": "Goiânia",
    "country": "BR",
    "display": "Goiânia, BR",
    "search": "goiânia br"
  },
  {
    "name": "Guarulhos",
    "country": "BR",
    "display": "Guarulhos, BR",
    "search": "guarulhos br"
  },
  {
    "name": "Prague",
    "country": "CZ",
    "display": "Prague, CZ",
    "search": "prague cz"
  },
  {
    "name": "Varanasi",
    "country": "IN",
    "display": "Varanasi, IN",
    "search": "varanasi in"
  },
  {
    "name": "Batam",
    "country": "ID",
    "display": "Batam, ID",
    "search": "batam id"
  },
  {
    "name": "Copenhagen",
    "country": "DK",
    "display": "Copenhagen, DK",
    "search": "copenhagen dk"
  },
  {
    "name": "Sofia",
    "country": "BG",
    "display": "Sofia, BG",
    "search": "sofia bg"
  },
  {
    "name": "Tripoli",
    "country": "LY",
    "display": "Tripoli, LY",
    "search": "tripoli ly"
  },
  {
    "name": "Port Harcourt",
    "country": "NG",
    "display": "Port Harcourt, NG",
    "search": "port harcourt ng"
  },
  {
    "name": "Hiroshima",
    "country": "JP",
    "display": "Hiroshima, JP",
    "search": "hiroshima jp"
  },
  {
    "name": "Zapopan",
    "country": "MX",
    "display": "Zapopan, MX",
    "search": "zapopan mx"
  },
  {
    "name": "Lijiang",
    "country": "CN",
    "display": "Lijiang, CN",
    "search": "lijiang cn"
  },
  {
    "name": "Monterrey",
    "country": "MX",
    "display": "Monterrey, MX",
    "search": "monterrey mx"
  },
  {
    "name": "Samara",
    "country": "RU",
    "display": "Samara, RU",
    "search": "samara ru"
  },
  {
    "name": "Omsk",
    "country": "RU",
    "display": "Omsk, RU",
    "search": "omsk ru"
  },
  {
    "name": "Benin City",
    "country": "NG",
    "display": "Benin City, NG",
    "search": "benin city ng"
  },
  {
    "name": "Malingao",
    "country": "PH",
    "display": "Malingao, PH",
    "search": "malingao ph"
  },
  {
    "name": "Baku",
    "country": "AZ",
    "display": "Baku, AZ",
    "search": "baku az"
  },
  {
    "name": "Maiduguri",
    "country": "NG",
    "display": "Maiduguri, NG",
    "search": "maiduguri ng"
  },
  {
    "name": "Kazan",
    "country": "RU",
    "display": "Kazan, RU",
    "search": "kazan ru"
  },
  {
    "name": "Ciudad Nezahualcoyotl",
    "country": "MX",
    "display": "Ciudad Nezahualcoyotl, MX",
    "search": "ciudad nezahualcoyotl mx"
  },
  {
    "name": "Yerevan",
    "country": "AM",
    "display": "Yerevan, AM",
    "search": "yerevan am"
  },
  {
    "name": "Amritsar",
    "country": "IN",
    "display": "Amritsar, IN",
    "search": "amritsar in"
  },
  {
    "name": "Ouagadougou",
    "country": "BF",
    "display": "Ouagadougou, BF",
    "search": "ouagadougou bf"
  },
  {
    "name": "Yono",
    "country": "JP",
    "display": "Yono, JP",
    "search": "yono jp"
  },
  {
    "name": "Rostov-na-Donu",
    "country": "RU",
    "display": "Rostov-na-Donu, RU",
    "search": "rostov-na-donu ru"
  },
  {
    "name": "Allahābād",
    "country": "IN",
    "display": "Allahābād, IN",
    "search": "allahābād in"
  },
  {
    "name": "Goyang-si",
    "country": "KR",
    "display": "Goyang-si, KR",
    "search": "goyang-si kr"
  },
  {
    "name": "Gaziantep",
    "country": "TR",
    "display": "Gaziantep, TR",
    "search": "gaziantep tr"
  },
  {
    "name": "Visakhapatnam",
    "country": "IN",
    "display": "Visakhapatnam, IN",
    "search": "visakhapatnam in"
  },
  {
    "name": "Sendai",
    "country": "JP",
    "display": "Sendai, JP",
    "search": "sendai jp"
  },
  {
    "name": "Chelyabinsk",
    "country": "RU",
    "display": "Chelyabinsk, RU",
    "search": "chelyabinsk ru"
  },
  {
    "name": "Datong",
    "country": "CN",
    "display": "Datong, CN",
    "search": "datong cn"
  },
  {
    "name": "Tbilisi",
    "country": "GE",
    "display": "Tbilisi, GE",
    "search": "tbilisi ge"
  },
  {
    "name": "Changshu City",
    "country": "CN",
    "display": "Changshu City, CN",
    "search": "changshu city cn"
  },
  {
    "name": "Taichung",
    "country": "TW",
    "display": "Taichung, TW",
    "search": "taichung tw"
  },
  {
    "name": "Teni",
    "country": "IN",
    "display": "Teni, IN",
    "search": "teni in"
  },
  {
    "name": "Xianyang",
    "country": "CN",
    "display": "Xianyang, CN",
    "search": "xianyang cn"
  },
  {
    "name": "Ufa",
    "country": "RU",
    "display": "Ufa, RU",
    "search": "ufa ru"
  },
  {
    "name": "Dnipro",
    "country": "UA",
    "display": "Dnipro, UA",
    "search": "dnipro ua"
  },
  {
    "name": "Seongnam-si",
    "country": "KR",
    "display": "Seongnam-si, KR",
    "search": "seongnam-si kr"
  },
  {
    "name": "Campinas",
    "country": "BR",
    "display": "Campinas, BR",
    "search": "campinas br"
  },
  {
    "name": "Jabalpur",
    "country": "IN",
    "display": "Jabalpur, IN",
    "search": "jabalpur in"
  },
  {
    "name": "Hāora",
    "country": "IN",
    "display": "Hāora, IN",
    "search": "hāora in"
  },
  {
    "name": "Huainan",
    "country": "CN",
    "display": "Huainan, CN",
    "search": "huainan cn"
  },
  {
    "name": "San Jose",
    "country": "US",
    "display": "San Jose, US",
    "search": "san jose us"
  },
  {
    "name": "Donetsk",
    "country": "UA",
    "display": "Donetsk, UA",
    "search": "donetsk ua"
  },
  {
    "name": "Dublin",
    "country": "IE",
    "display": "Dublin, IE",
    "search": "dublin ie"
  },
  {
    "name": "Calgary",
    "country": "CA",
    "display": "Calgary, CA",
    "search": "calgary ca"
  },
  {
    "name": "Brussels",
    "country": "BE",
    "display": "Brussels, BE",
    "search": "brussels be"
  },
  {
    "name": "Aurangabad",
    "country": "IN",
    "display": "Aurangabad, IN",
    "search": "aurangabad in"
  },
  {
    "name": "Volgograd",
    "country": "RU",
    "display": "Volgograd, RU",
    "search": "volgograd ru"
  },
  {
    "name": "Nova Iguaçu",
    "country": "BR",
    "display": "Nova Iguaçu, BR",
    "search": "nova iguaçu br"
  },
  {
    "name": "Jieyang",
    "country": "CN",
    "display": "Jieyang, CN",
    "search": "jieyang cn"
  },
  {
    "name": "Odessa",
    "country": "UA",
    "display": "Odessa, UA",
    "search": "odessa ua"
  },
  {
    "name": "Zhu Cheng City",
    "country": "CN",
    "display": "Zhu Cheng City, CN",
    "search": "zhu cheng city cn"
  },
  {
    "name": "Shivaji Nagar",
    "country": "IN",
    "display": "Shivaji Nagar, IN",
    "search": "shivaji nagar in"
  },
  {
    "name": "Kitakyushu",
    "country": "JP",
    "display": "Kitakyushu, JP",
    "search": "kitakyushu jp"
  },
  {
    "name": "Solāpur",
    "country": "IN",
    "display": "Solāpur, IN",
    "search": "solāpur in"
  },
  {
    "name": "Baoding",
    "country": "CN",
    "display": "Baoding, CN",
    "search": "baoding cn"
  },
  {
    "name": "Guatemala City",
    "country": "GT",
    "display": "Guatemala City, GT",
    "search": "guatemala city gt"
  },
  {
    "name": "Benxi",
    "country": "CN",
    "display": "Benxi, CN",
    "search": "benxi cn"
  },
  {
    "name": "Birmingham",
    "country": "GB",
    "display": "Birmingham, GB",
    "search": "birmingham gb"
  },
  {
    "name": "Perm",
    "country": "RU",
    "display": "Perm, RU",
    "search": "perm ru"
  },
  {
    "name": "Srinagar",
    "country": "IN",
    "display": "Srinagar, IN",
    "search": "srinagar in"
  },
  {
    "name": "Zaria",
    "country": "NG",
    "display": "Zaria, NG",
    "search": "zaria ng"
  },
  {
    "name": "Managua",
    "country": "NI",
    "display": "Managua, NI",
    "search": "managua ni"
  },
  {
    "name": "Port Elizabeth",
    "country": "ZA",
    "display": "Port Elizabeth, ZA",
    "search": "port elizabeth za"
  },
  {
    "name": "Fès",
    "country": "MA",
    "display": "Fès, MA",
    "search": "fès ma"
  },
  {
    "name": "Köln",
    "country": "DE",
    "display": "Köln, DE",
    "search": "köln de"
  },
  {
    "name": "Ulsan",
    "country": "KR",
    "display": "Ulsan, KR",
    "search": "ulsan kr"
  },
  {
    "name": "Chandigarh",
    "country": "IN",
    "display": "Chandigarh, IN",
    "search": "chandigarh in"
  },
  {
    "name": "Coimbatore",
    "country": "IN",
    "display": "Coimbatore, IN",
    "search": "coimbatore in"
  },
  {
    "name": "Naples",
    "country": "IT",
    "display": "Naples, IT",
    "search": "naples it"
  },
  {
    "name": "Maceió",
    "country": "BR",
    "display": "Maceió, BR",
    "search": "maceió br"
  },
  {
    "name": "Cartagena",
    "country": "CO",
    "display": "Cartagena, CO",
    "search": "cartagena co"
  },
  {
    "name": "Changzhou",
    "country": "CN",
    "display": "Changzhou, CN",
    "search": "changzhou cn"
  },
  {
    "name": "Sulţānah",
    "country": "SA",
    "display": "Sulţānah, SA",
    "search": "sulţānah sa"
  },
  {
    "name": "Monrovia",
    "country": "LR",
    "display": "Monrovia, LR",
    "search": "monrovia lr"
  },
  {
    "name": "Kingston",
    "country": "JM",
    "display": "Kingston, JM",
    "search": "kingston jm"
  },
  {
    "name": "Erbil",
    "country": "IQ",
    "display": "Erbil, IQ",
    "search": "erbil iq"
  },
  {
    "name": "Austin",
    "country": "US",
    "display": "Austin, US",
    "search": "austin us"
  },
  {
    "name": "Krasnoyarsk",
    "country": "RU",
    "display": "Krasnoyarsk, RU",
    "search": "krasnoyarsk ru"
  },
  {
    "name": "Nay Pyi Taw",
    "country": "MM",
    "display": "Nay Pyi Taw, MM",
    "search": "nay pyi taw mm"
  },
  {
    "name": "Jodhpur",
    "country": "IN",
    "display": "Jodhpur, IN",
    "search": "jodhpur in"
  },
  {
    "name": "Chiba",
    "country": "JP",
    "display": "Chiba, JP",
    "search": "chiba jp"
  },
  {
    "name": "São Luís",
    "country": "BR",
    "display": "São Luís, BR",
    "search": "são luís br"
  },
  {
    "name": "Madurai",
    "country": "IN",
    "display": "Madurai, IN",
    "search": "madurai in"
  },
  {
    "name": "Sale",
    "country": "MA",
    "display": "Sale, MA",
    "search": "sale ma"
  },
  {
    "name": "Huaibei",
    "country": "CN",
    "display": "Huaibei, CN",
    "search": "huaibei cn"
  },
  {
    "name": "Cochabamba",
    "country": "BO",
    "display": "Cochabamba, BO",
    "search": "cochabamba bo"
  },
  {
    "name": "Abobo",
    "country": "CI",
    "display": "Abobo, CI",
    "search": "abobo ci"
  },
  {
    "name": "Kaifeng",
    "country": "CN",
    "display": "Kaifeng, CN",
    "search": "kaifeng cn"
  },
  {
    "name": "Abū Ghurayb",
    "country": "IQ",
    "display": "Abū Ghurayb, IQ",
    "search": "abū ghurayb iq"
  },
  {
    "name": "Qom",
    "country": "IR",
    "display": "Qom, IR",
    "search": "qom ir"
  },
  {
    "name": "Bishkek",
    "country": "KG",
    "display": "Bishkek, KG",
    "search": "bishkek kg"
  },
  {
    "name": "Guwahati",
    "country": "IN",
    "display": "Guwahati, IN",
    "search": "guwahati in"
  },
  {
    "name": "Aba",
    "country": "NG",
    "display": "Aba, NG",
    "search": "aba ng"
  },
  {
    "name": "Pingdingshan",
    "country": "CN",
    "display": "Pingdingshan, CN",
    "search": "pingdingshan cn"
  },
  {
    "name": "Gwalior",
    "country": "IN",
    "display": "Gwalior, IN",
    "search": "gwalior in"
  },
  {
    "name": "Qiqihar",
    "country": "CN",
    "display": "Qiqihar, CN",
    "search": "qiqihar cn"
  },
  {
    "name": "Klang",
    "country": "MY",
    "display": "Klang, MY",
    "search": "klang my"
  },
  {
    "name": "Mendoza",
    "country": "AR",
    "display": "Mendoza, AR",
    "search": "mendoza ar"
  },
  {
    "name": "Konya",
    "country": "TR",
    "display": "Konya, TR",
    "search": "konya tr"
  },
  {
    "name": "Mbuji-Mayi",
    "country": "CD",
    "display": "Mbuji-Mayi, CD",
    "search": "mbuji-mayi cd"
  },
  {
    "name": "Vijayawada",
    "country": "IN",
    "display": "Vijayawada, IN",
    "search": "vijayawada in"
  },
  {
    "name": "Pikine",
    "country": "SN",
    "display": "Pikine, SN",
    "search": "pikine sn"
  },
  {
    "name": "Turin",
    "country": "IT",
    "display": "Turin, IT",
    "search": "turin it"
  },
  {
    "name": "Mysore",
    "country": "IN",
    "display": "Mysore, IN",
    "search": "mysore in"
  },
  {
    "name": "Jacksonville",
    "country": "US",
    "display": "Jacksonville, US",
    "search": "jacksonville us"
  },
  {
    "name": "Wenzhou",
    "country": "CN",
    "display": "Wenzhou, CN",
    "search": "wenzhou cn"
  },
  {
    "name": "San Francisco",
    "country": "US",
    "display": "San Francisco, US",
    "search": "san francisco us"
  },
  {
    "name": "Liverpool",
    "country": "GB",
    "display": "Liverpool, GB",
    "search": "liverpool gb"
  },
  {
    "name": "Saratov",
    "country": "RU",
    "display": "Saratov, RU",
    "search": "saratov ru"
  },
  {
    "name": "Rohini",
    "country": "IN",
    "display": "Rohini, IN",
    "search": "rohini in"
  },
  {
    "name": "Tegucigalpa",
    "country": "HN",
    "display": "Tegucigalpa, HN",
    "search": "tegucigalpa hn"
  },
  {
    "name": "Bucheon-si",
    "country": "KR",
    "display": "Bucheon-si, KR",
    "search": "bucheon-si kr"
  },
  {
    "name": "Columbus",
    "country": "US",
    "display": "Columbus, US",
    "search": "columbus us"
  },
  {
    "name": "Voronezh",
    "country": "RU",
    "display": "Voronezh, RU",
    "search": "voronezh ru"
  },
  {
    "name": "Ranchi",
    "country": "IN",
    "display": "Ranchi, IN",
    "search": "ranchi in"
  },
  {
    "name": "Ulan Bator",
    "country": "MN",
    "display": "Ulan Bator, MN",
    "search": "ulan bator mn"
  },
  {
    "name": "Takeo",
    "country": "KH",
    "display": "Takeo, KH",
    "search": "takeo kh"
  },
  {
    "name": "Ahvaz",
    "country": "IR",
    "display": "Ahvaz, IR",
    "search": "ahvaz ir"
  },
  {
    "name": "Arequipa",
    "country": "PE",
    "display": "Arequipa, PE",
    "search": "arequipa pe"
  },
  {
    "name": "Padang",
    "country": "ID",
    "display": "Padang, ID",
    "search": "padang id"
  },
  {
    "name": "Hubli",
    "country": "IN",
    "display": "Hubli, IN",
    "search": "hubli in"
  },
  {
    "name": "Zhabei",
    "country": "CN",
    "display": "Zhabei, CN",
    "search": "zhabei cn"
  },
  {
    "name": "Marrakesh",
    "country": "MA",
    "display": "Marrakesh, MA",
    "search": "marrakesh ma"
  },
  {
    "name": "Denpasar",
    "country": "ID",
    "display": "Denpasar, ID",
    "search": "denpasar id"
  },
  {
    "name": "Kampung Baru Subang",
    "country": "MY",
    "display": "Kampung Baru Subang, MY",
    "search": "kampung baru subang my"
  },
  {
    "name": "Fort Worth",
    "country": "US",
    "display": "Fort Worth, US",
    "search": "fort worth us"
  },
  {
    "name": "Indianapolis",
    "country": "US",
    "display": "Indianapolis, US",
    "search": "indianapolis us"
  },
  {
    "name": "Charlotte",
    "country": "US",
    "display": "Charlotte, US",
    "search": "charlotte us"
  },
  {
    "name": "Duque de Caxias",
    "country": "BR",
    "display": "Duque de Caxias, BR",
    "search": "duque de caxias br"
  },
  {
    "name": "Jos",
    "country": "NG",
    "display": "Jos, NG",
    "search": "jos ng"
  },
  {
    "name": "Valencia",
    "country": "ES",
    "display": "Valencia, ES",
    "search": "valencia es"
  },
  {
    "name": "Ilorin",
    "country": "NG",
    "display": "Ilorin, NG",
    "search": "ilorin ng"
  },
  {
    "name": "Callao",
    "country": "PE",
    "display": "Callao, PE",
    "search": "callao pe"
  },
  {
    "name": "La Paz",
    "country": "BO",
    "display": "La Paz, BO",
    "search": "la paz bo"
  },
  {
    "name": "Ottawa",
    "country": "CA",
    "display": "Ottawa, CA",
    "search": "ottawa ca"
  },
  {
    "name": "Barquisimeto",
    "country": "VE",
    "display": "Barquisimeto, VE",
    "search": "barquisimeto ve"
  },
  {
    "name": "Chihuahua",
    "country": "MX",
    "display": "Chihuahua, MX",
    "search": "chihuahua mx"
  },
  {
    "name": "Nanning",
    "country": "CN",
    "display": "Nanning, CN",
    "search": "nanning cn"
  },
  {
    "name": "Freetown",
    "country": "SL",
    "display": "Freetown, SL",
    "search": "freetown sl"
  },
  {
    "name": "Johor Bahru",
    "country": "MY",
    "display": "Johor Bahru, MY",
    "search": "johor bahru my"
  },
  {
    "name": "Jerusalem",
    "country": "IL",
    "display": "Jerusalem, IL",
    "search": "jerusalem il"
  },
  {
    "name": "Bandar Lampung",
    "country": "ID",
    "display": "Bandar Lampung, ID",
    "search": "bandar lampung id"
  },
  {
    "name": "Bogor",
    "country": "ID",
    "display": "Bogor, ID",
    "search": "bogor id"
  },
  {
    "name": "Narela",
    "country": "IN",
    "display": "Narela, IN",
    "search": "narela in"
  },
  {
    "name": "Mombasa",
    "country": "KE",
    "display": "Mombasa, KE",
    "search": "mombasa ke"
  },
  {
    "name": "Cebu City",
    "country": "PH",
    "display": "Cebu City, PH",
    "search": "cebu city ph"
  },
  {
    "name": "Muscat",
    "country": "OM",
    "display": "Muscat, OM",
    "search": "muscat om"
  },
  {
    "name": "Zaporizhia",
    "country": "UA",
    "display": "Zaporizhia, UA",
    "search": "zaporizhia ua"
  },
  {
    "name": "Marseille",
    "country": "FR",
    "display": "Marseille, FR",
    "search": "marseille fr"
  },
  {
    "name": "Zarqa",
    "country": "JO",
    "display": "Zarqa, JO",
    "search": "zarqa jo"
  },
  {
    "name": "Naucalpan de Juárez",
    "country": "MX",
    "display": "Naucalpan de Juárez, MX",
    "search": "naucalpan de juárez mx"
  },
  {
    "name": "Çankaya",
    "country": "TR",
    "display": "Çankaya, TR",
    "search": "çankaya tr"
  },
  {
    "name": "Rahim Yar Khan",
    "country": "PK",
    "display": "Rahim Yar Khan, PK",
    "search": "rahim yar khan pk"
  },
  {
    "name": "Pasragad Branch",
    "country": "IR",
    "display": "Pasragad Branch, IR",
    "search": "pasragad branch ir"
  },
  {
    "name": "Boumerdas",
    "country": "DZ",
    "display": "Boumerdas, DZ",
    "search": "boumerdas dz"
  },
  {
    "name": "Jalandhar",
    "country": "IN",
    "display": "Jalandhar, IN",
    "search": "jalandhar in"
  },
  {
    "name": "Thiruvananthapuram",
    "country": "IN",
    "display": "Thiruvananthapuram, IN",
    "search": "thiruvananthapuram in"
  },
  {
    "name": "Sakai",
    "country": "JP",
    "display": "Sakai, JP",
    "search": "sakai jp"
  },
  {
    "name": "Anyang",
    "country": "CN",
    "display": "Anyang, CN",
    "search": "anyang cn"
  },
  {
    "name": "San Miguel de Tucumán",
    "country": "AR",
    "display": "San Miguel de Tucumán, AR",
    "search": "san miguel de tucumán ar"
  },
  {
    "name": "Cotonou",
    "country": "BJ",
    "display": "Cotonou, BJ",
    "search": "cotonou bj"
  },
  {
    "name": "Salem",
    "country": "IN",
    "display": "Salem, IN",
    "search": "salem in"
  },
  {
    "name": "Mérida",
    "country": "MX",
    "display": "Mérida, MX",
    "search": "mérida mx"
  },
  {
    "name": "Tiruchirappalli",
    "country": "IN",
    "display": "Tiruchirappalli, IN",
    "search": "tiruchirappalli in"
  },
  {
    "name": "Homs",
    "country": "SY",
    "display": "Homs, SY",
    "search": "homs sy"
  },
  {
    "name": "Hohhot",
    "country": "CN",
    "display": "Hohhot, CN",
    "search": "hohhot cn"
  },
  {
    "name": "Niamey",
    "country": "NE",
    "display": "Niamey, NE",
    "search": "niamey ne"
  },
  {
    "name": "Tainan",
    "country": "TW",
    "display": "Tainan, TW",
    "search": "tainan tw"
  },
  {
    "name": "Shangyu",
    "country": "CN",
    "display": "Shangyu, CN",
    "search": "shangyu cn"
  },
  {
    "name": "Łódź",
    "country": "PL",
    "display": "Łódź, PL",
    "search": "łódź pl"
  },
  {
    "name": "Dammam",
    "country": "SA",
    "display": "Dammam, SA",
    "search": "dammam sa"
  },
  {
    "name": "Xining",
    "country": "CN",
    "display": "Xining, CN",
    "search": "xining cn"
  },
  {
    "name": "Kahrīz",
    "country": "IR",
    "display": "Kahrīz, IR",
    "search": "kahrīz ir"
  },
  {
    "name": "Kota",
    "country": "IN",
    "display": "Kota, IN",
    "search": "kota in"
  },
  {
    "name": "Natal",
    "country": "BR",
    "display": "Natal, BR",
    "search": "natal br"
  },
  {
    "name": "Bhubaneshwar",
    "country": "IN",
    "display": "Bhubaneshwar, IN",
    "search": "bhubaneshwar in"
  },
  {
    "name": "Qinhuangdao",
    "country": "CN",
    "display": "Qinhuangdao, CN",
    "search": "qinhuangdao cn"
  },
  {
    "name": "Hengyang",
    "country": "CN",
    "display": "Hengyang, CN",
    "search": "hengyang cn"
  },
  {
    "name": "Antalya",
    "country": "TR",
    "display": "Antalya, TR",
    "search": "antalya tr"
  },
  {
    "name": "Kraków",
    "country": "PL",
    "display": "Kraków, PL",
    "search": "kraków pl"
  },
  {
    "name": "Alīgarh",
    "country": "IN",
    "display": "Alīgarh, IN",
    "search": "alīgarh in"
  },
  {
    "name": "Da Nang",
    "country": "VN",
    "display": "Da Nang, VN",
    "search": "da nang vn"
  },
  {
    "name": "Pietermaritzburg",
    "country": "ZA",
    "display": "Pietermaritzburg, ZA",
    "search": "pietermaritzburg za"
  },
  {
    "name": "Lomé",
    "country": "TG",
    "display": "Lomé, TG",
    "search": "lomé tg"
  },
  {
    "name": "Trujillo",
    "country": "PE",
    "display": "Trujillo, PE",
    "search": "trujillo pe"
  },
  {
    "name": "Malang",
    "country": "ID",
    "display": "Malang, ID",
    "search": "malang id"
  },
  {
    "name": "Ciudad Guayana",
    "country": "VE",
    "display": "Ciudad Guayana, VE",
    "search": "ciudad guayana ve"
  },
  {
    "name": "Bareilly",
    "country": "IN",
    "display": "Bareilly, IN",
    "search": "bareilly in"
  },
  {
    "name": "Kigali",
    "country": "RW",
    "display": "Kigali, RW",
    "search": "kigali rw"
  },
  {
    "name": "Teresina",
    "country": "BR",
    "display": "Teresina, BR",
    "search": "teresina br"
  },
  {
    "name": "Xinxiang",
    "country": "CN",
    "display": "Xinxiang, CN",
    "search": "xinxiang cn"
  },
  {
    "name": "São Bernardo do Campo",
    "country": "BR",
    "display": "São Bernardo do Campo, BR",
    "search": "são bernardo do campo br"
  },
  {
    "name": "Hegang",
    "country": "CN",
    "display": "Hegang, CN",
    "search": "hegang cn"
  },
  {
    "name": "Riga",
    "country": "LV",
    "display": "Riga, LV",
    "search": "riga lv"
  },
  {
    "name": "Amsterdam",
    "country": "NL",
    "display": "Amsterdam, NL",
    "search": "amsterdam nl"
  },
  {
    "name": "Oyo",
    "country": "NG",
    "display": "Oyo, NG",
    "search": "oyo ng"
  },
  {
    "name": "Quetta",
    "country": "PK",
    "display": "Quetta, PK",
    "search": "quetta pk"
  },
  {
    "name": "Nottingham",
    "country": "GB",
    "display": "Nottingham, GB",
    "search": "nottingham gb"
  },
  {
    "name": "Campo Grande",
    "country": "BR",
    "display": "Campo Grande, BR",
    "search": "campo grande br"
  },
  {
    "name": "Ashgabat",
    "country": "TM",
    "display": "Ashgabat, TM",
    "search": "ashgabat tm"
  },
  {
    "name": "Álvaro Obregón",
    "country": "MX",
    "display": "Álvaro Obregón, MX",
    "search": "álvaro obregón mx"
  },
  {
    "name": "Muzaffarābād",
    "country": "PK",
    "display": "Muzaffarābād, PK",
    "search": "muzaffarābād pk"
  },
  {
    "name": "Bağcılar",
    "country": "TR",
    "display": "Bağcılar, TR",
    "search": "bağcılar tr"
  },
  {
    "name": "As Sulaymānīyah",
    "country": "IQ",
    "display": "As Sulaymānīyah, IQ",
    "search": "as sulaymānīyah iq"
  },
  {
    "name": "San Luis Potosí",
    "country": "MX",
    "display": "San Luis Potosí, MX",
    "search": "san luis potosí mx"
  },
  {
    "name": "Aguascalientes",
    "country": "MX",
    "display": "Aguascalientes, MX",
    "search": "aguascalientes mx"
  },
  {
    "name": "Cúcuta",
    "country": "CO",
    "display": "Cúcuta, CO",
    "search": "cúcuta co"
  },
  {
    "name": "Morādābād",
    "country": "IN",
    "display": "Morādābād, IN",
    "search": "morādābād in"
  },
  {
    "name": "N'Djamena",
    "country": "TD",
    "display": "N'Djamena, TD",
    "search": "n'djamena td"
  },
  {
    "name": "Langfang",
    "country": "CN",
    "display": "Langfang, CN",
    "search": "langfang cn"
  },
  {
    "name": "Zhumadian",
    "country": "CN",
    "display": "Zhumadian, CN",
    "search": "zhumadian cn"
  },
  {
    "name": "Yantai",
    "country": "CN",
    "display": "Yantai, CN",
    "search": "yantai cn"
  },
  {
    "name": "Lviv",
    "country": "UA",
    "display": "Lviv, UA",
    "search": "lviv ua"
  },
  {
    "name": "Hermosillo",
    "country": "MX",
    "display": "Hermosillo, MX",
    "search": "hermosillo mx"
  },
  {
    "name": "Edmonton",
    "country": "CA",
    "display": "Edmonton, CA",
    "search": "edmonton ca"
  },
  {
    "name": "Jeonju",
    "country": "KR",
    "display": "Jeonju, KR",
    "search": "jeonju kr"
  },
  {
    "name": "Saltillo",
    "country": "MX",
    "display": "Saltillo, MX",
    "search": "saltillo mx"
  },
  {
    "name": "Zhuzhou",
    "country": "CN",
    "display": "Zhuzhou, CN",
    "search": "zhuzhou cn"
  },
  {
    "name": "Subang Jaya",
    "country": "MY",
    "display": "Subang Jaya, MY",
    "search": "subang jaya my"
  },
  {
    "name": "Bhiwandi",
    "country": "IN",
    "display": "Bhiwandi, IN",
    "search": "bhiwandi in"
  },
  {
    "name": "Pekanbaru",
    "country": "ID",
    "display": "Pekanbaru, ID",
    "search": "pekanbaru id"
  },
  {
    "name": "Sevilla",
    "country": "ES",
    "display": "Sevilla, ES",
    "search": "sevilla es"
  },
  {
    "name": "Tol’yatti",
    "country": "RU",
    "display": "Tol’yatti, RU",
    "search": "tol’yatti ru"
  },
  {
    "name": "Jaboatão",
    "country": "BR",
    "display": "Jaboatão, BR",
    "search": "jaboatão br"
  },
  {
    "name": "Shizuoka",
    "country": "JP",
    "display": "Shizuoka, JP",
    "search": "shizuoka jp"
  },
  {
    "name": "Santo Domingo Oeste",
    "country": "DO",
    "display": "Santo Domingo Oeste, DO",
    "search": "santo domingo oeste do"
  },
  {
    "name": "Rājshāhi",
    "country": "BD",
    "display": "Rājshāhi, BD",
    "search": "rājshāhi bd"
  },
  {
    "name": "Santo Domingo Este",
    "country": "DO",
    "display": "Santo Domingo Este, DO",
    "search": "santo domingo este do"
  },
  {
    "name": "City of Balikpapan",
    "country": "ID",
    "display": "City of Balikpapan, ID",
    "search": "city of balikpapan id"
  },
  {
    "name": "Battagram",
    "country": "PK",
    "display": "Battagram, PK",
    "search": "battagram pk"
  },
  {
    "name": "Changzhi",
    "country": "CN",
    "display": "Changzhi, CN",
    "search": "changzhi cn"
  },
  {
    "name": "Bulawayo",
    "country": "ZW",
    "display": "Bulawayo, ZW",
    "search": "bulawayo zw"
  },
  {
    "name": "Zagreb",
    "country": "HR",
    "display": "Zagreb, HR",
    "search": "zagreb hr"
  },
  {
    "name": "Agadir",
    "country": "MA",
    "display": "Agadir, MA",
    "search": "agadir ma"
  },
  {
    "name": "Sarajevo",
    "country": "BA",
    "display": "Sarajevo, BA",
    "search": "sarajevo ba"
  },
  {
    "name": "La Plata",
    "country": "AR",
    "display": "La Plata, AR",
    "search": "la plata ar"
  },
  {
    "name": "Tunis",
    "country": "TN",
    "display": "Tunis, TN",
    "search": "tunis tn"
  },
  {
    "name": "Zhangjiakou",
    "country": "CN",
    "display": "Zhangjiakou, CN",
    "search": "zhangjiakou cn"
  },
  {
    "name": "Zigong",
    "country": "CN",
    "display": "Zigong, CN",
    "search": "zigong cn"
  },
  {
    "name": "Mexicali",
    "country": "MX",
    "display": "Mexicali, MX",
    "search": "mexicali mx"
  },
  {
    "name": "Fuxin",
    "country": "CN",
    "display": "Fuxin, CN",
    "search": "fuxin cn"
  },
  {
    "name": "Enugu",
    "country": "NG",
    "display": "Enugu, NG",
    "search": "enugu ng"
  },
  {
    "name": "Tangier",
    "country": "MA",
    "display": "Tangier, MA",
    "search": "tangier ma"
  },
  {
    "name": "Huangshi",
    "country": "CN",
    "display": "Huangshi, CN",
    "search": "huangshi cn"
  },
  {
    "name": "Liaoyang",
    "country": "CN",
    "display": "Liaoyang, CN",
    "search": "liaoyang cn"
  },
  {
    "name": "Sheffield",
    "country": "GB",
    "display": "Sheffield, GB",
    "search": "sheffield gb"
  },
  {
    "name": "Seattle",
    "country": "US",
    "display": "Seattle, US",
    "search": "seattle us"
  },
  {
    "name": "Denver",
    "country": "US",
    "display": "Denver, US",
    "search": "denver us"
  },
  {
    "name": "El Paso",
    "country": "US",
    "display": "El Paso, US",
    "search": "el paso us"
  },
  {
    "name": "Kumamoto",
    "country": "JP",
    "display": "Kumamoto, JP",
    "search": "kumamoto jp"
  },
  {
    "name": "Raipur",
    "country": "IN",
    "display": "Raipur, IN",
    "search": "raipur in"
  },
  {
    "name": "General Santos",
    "country": "PH",
    "display": "General Santos, PH",
    "search": "general santos ph"
  },
  {
    "name": "Dushanbe",
    "country": "TJ",
    "display": "Dushanbe, TJ",
    "search": "dushanbe tj"
  },
  {
    "name": "Osasco",
    "country": "BR",
    "display": "Osasco, BR",
    "search": "osasco br"
  },
  {
    "name": "Detroit",
    "country": "US",
    "display": "Detroit, US",
    "search": "detroit us"
  },
  {
    "name": "Culiacán",
    "country": "MX",
    "display": "Culiacán, MX",
    "search": "culiacán mx"
  },
  {
    "name": "Matola",
    "country": "MZ",
    "display": "Matola, MZ",
    "search": "matola mz"
  },
  {
    "name": "Zaragoza",
    "country": "ES",
    "display": "Zaragoza, ES",
    "search": "zaragoza es"
  },
  {
    "name": "Gorakhpur",
    "country": "IN",
    "display": "Gorakhpur, IN",
    "search": "gorakhpur in"
  },
  {
    "name": "Xiangtan",
    "country": "CN",
    "display": "Xiangtan, CN",
    "search": "xiangtan cn"
  },
  {
    "name": "Guadalupe",
    "country": "MX",
    "display": "Guadalupe, MX",
    "search": "guadalupe mx"
  },
  {
    "name": "Acapulco de Juárez",
    "country": "MX",
    "display": "Acapulco de Juárez, MX",
    "search": "acapulco de juárez mx"
  },
  {
    "name": "Ipoh",
    "country": "MY",
    "display": "Ipoh, MY",
    "search": "ipoh my"
  },
  {
    "name": "Mississauga",
    "country": "CA",
    "display": "Mississauga, CA",
    "search": "mississauga ca"
  },
  {
    "name": "Boston",
    "country": "US",
    "display": "Boston, US",
    "search": "boston us"
  },
  {
    "name": "Puyang Chengguanzhen",
    "country": "CN",
    "display": "Puyang Chengguanzhen, CN",
    "search": "puyang chengguanzhen cn"
  },
  {
    "name": "Nantong",
    "country": "CN",
    "display": "Nantong, CN",
    "search": "nantong cn"
  },
  {
    "name": "Mudanjiang",
    "country": "CN",
    "display": "Mudanjiang, CN",
    "search": "mudanjiang cn"
  },
  {
    "name": "Athens",
    "country": "GR",
    "display": "Athens, GR",
    "search": "athens gr"
  },
  {
    "name": "Santo André",
    "country": "BR",
    "display": "Santo André, BR",
    "search": "santo andré br"
  },
  {
    "name": "Nouakchott",
    "country": "MR",
    "display": "Nouakchott, MR",
    "search": "nouakchott mr"
  },
  {
    "name": "Pointe-Noire",
    "country": "CG",
    "display": "Pointe-Noire, CG",
    "search": "pointe-noire cg"
  },
  {
    "name": "Memphis",
    "country": "US",
    "display": "Memphis, US",
    "search": "memphis us"
  },
  {
    "name": "Tlalnepantla",
    "country": "MX",
    "display": "Tlalnepantla, MX",
    "search": "tlalnepantla mx"
  },
  {
    "name": "Kryvyi Rih",
    "country": "UA",
    "display": "Kryvyi Rih, UA",
    "search": "kryvyi rih ua"
  },
  {
    "name": "João Pessoa",
    "country": "BR",
    "display": "João Pessoa, BR",
    "search": "joão pessoa br"
  },
  {
    "name": "Ansan-si",
    "country": "KR",
    "display": "Ansan-si, KR",
    "search": "ansan-si kr"
  },
  {
    "name": "Benghazi",
    "country": "LY",
    "display": "Benghazi, LY",
    "search": "benghazi ly"
  },
  {
    "name": "Frankfurt am Main",
    "country": "DE",
    "display": "Frankfurt am Main, DE",
    "search": "frankfurt am main de"
  },
  {
    "name": "Krasnodar",
    "country": "RU",
    "display": "Krasnodar, RU",
    "search": "krasnodar ru"
  },
  {
    "name": "Guilin",
    "country": "CN",
    "display": "Guilin, CN",
    "search": "guilin cn"
  },
  {
    "name": "Palermo",
    "country": "IT",
    "display": "Palermo, IT",
    "search": "palermo it"
  },
  {
    "name": "Colombo",
    "country": "LK",
    "display": "Colombo, LK",
    "search": "colombo lk"
  },
  {
    "name": "Lilongwe",
    "country": "MW",
    "display": "Lilongwe, MW",
    "search": "lilongwe mw"
  },
  {
    "name": "Oran",
    "country": "DZ",
    "display": "Oran, DZ",
    "search": "oran dz"
  },
  {
    "name": "Diyarbakır",
    "country": "TR",
    "display": "Diyarbakır, TR",
    "search": "diyarbakır tr"
  },
  {
    "name": "Taguig",
    "country": "PH",
    "display": "Taguig, PH",
    "search": "taguig ph"
  },
  {
    "name": "New South Memphis",
    "country": "US",
    "display": "New South Memphis, US",
    "search": "new south memphis us"
  },
  {
    "name": "Ulyanovsk",
    "country": "RU",
    "display": "Ulyanovsk, RU",
    "search": "ulyanovsk ru"
  }
]